<?xml version="1.0" encoding="UTF-8"?>
<manifest projecttype="ACCOUNTCUSTOMIZATION">
    <projectname>P2P Approval System</projectname>
    <frameworkversion>1.0</frameworkversion>
    <dependencies>
        <features>
            <feature required="true">CUSTOMRECORDS</feature>
            <feature required="true">SERVERSIDESCRIPTING</feature>
            <feature required="true">CREATESUITEBUNDLES</feature>
            <feature required="true">WORKFLOW</feature>
            <feature required="false">ADVANCEDPURCHASING</feature>
        </features>
    </dependencies>
</manifest>
